{
  "info": {
    "name": "Contest Participation System API",
    "schema": "https://schema.getpostman.com/json/collection/v2.1.0/collection.json"
  },
  "item": [
    {
      "name": "Auth - Register",
      "request": {
        "method": "POST",
        "header": [
          {
            "key": "Content-Type",
            "value": "application/json"
          }
        ],
        "body": {
          "mode": "raw",
          "raw": "{\n  \"username\": \"testuser\",\n  \"password\": \"123456\",\n  \"role\": \"normal\"\n}"
        },
        "url": {
          "raw": "http://localhost:3000/api/auth/register",
          "protocol": "http",
          "host": [
            "localhost:3000"
          ],
          "path": [
            "api",
            "auth",
            "register"
          ]
        }
      }
    },
    {
      "name": "Auth - Login",
      "request": {
        "method": "POST",
        "header": [
          {
            "key": "Content-Type",
            "value": "application/json"
          }
        ],
        "body": {
          "mode": "raw",
          "raw": "{\n  \"username\": \"testuser\",\n  \"password\": \"123456\"\n}"
        },
        "url": {
          "raw": "http://localhost:3000/api/auth/login",
          "protocol": "http",
          "host": [
            "localhost:3000"
          ],
          "path": [
            "api",
            "auth",
            "login"
          ]
        }
      }
    },
    {
      "name": "Get All Contests",
      "request": {
        "method": "GET",
        "header": [
          {
            "key": "Authorization",
            "value": "Bearer {{jwt_token}}"
          }
        ],
        "url": {
          "raw": "http://localhost:3000/api/contests",
          "protocol": "http",
          "host": [
            "localhost:3000"
          ],
          "path": [
            "api",
            "contests"
          ]
        }
      }
    },
    {
      "name": "Start Participation",
      "request": {
        "method": "POST",
        "header": [
          {
            "key": "Authorization",
            "value": "Bearer {{jwt_token}}"
          },
          {
            "key": "Content-Type",
            "value": "application/json"
          }
        ],
        "body": {
          "mode": "raw",
          "raw": "{\n  \"contestId\": 1\n}"
        },
        "url": {
          "raw": "http://localhost:3000/api/participation/start",
          "protocol": "http",
          "host": [
            "localhost:3000"
          ],
          "path": [
            "api",
            "participation",
            "start"
          ]
        }
      }
    },
    {
      "name": "Submit Answers",
      "request": {
        "method": "POST",
        "header": [
          {
            "key": "Authorization",
            "value": "Bearer {{jwt_token}}"
          },
          {
            "key": "Content-Type",
            "value": "application/json"
          }
        ],
        "body": {
          "mode": "raw",
          "raw": "{\n  \"contestId\": 1,\n  \"answers\": [\n    {\n      \"questionId\": 1,\n      \"answer\": [\n        \"A\"\n      ]\n    },\n    {\n      \"questionId\": 2,\n      \"answer\": [\n        \"true\"\n      ]\n    }\n  ]\n}"
        },
        "url": {
          "raw": "http://localhost:3000/api/participation/submit",
          "protocol": "http",
          "host": [
            "localhost:3000"
          ],
          "path": [
            "api",
            "participation",
            "submit"
          ]
        }
      }
    }
  ]
}